medicine_id,therapeutic_class,item_category
MED-001,analgesic,medicine
MED-002,analgesic,medicine
MED-003,analgesic,medicine
MED-004,analgesic,medicine
MED-005,antibiotic,medicine
MED-006,antibiotic,medicine
MED-007,antibiotic,medicine
MED-008,antibiotic,medicine
MED-009,antibiotic,medicine
MED-010,antibiotic,medicine
MED-011,antibiotic,medicine
MED-012,antibiotic,medicine
MED-013,antibiotic,medicine
MED-014,cardiovascular,medicine
MED-015,cardiovascular,medicine
MED-016,cardiovascular,medicine
MED-017,cardiovascular,medicine
MED-018,cardiovascular,medicine
MED-019,cardiovascular,medicine
MED-020,cardiovascular,medicine
MED-021,antidiabetic,medicine
MED-022,antidiabetic,medicine
MED-023,gastrointestinal,medicine
MED-024,gastrointestinal,medicine
MED-025,gastrointestinal,medicine
MED-026,gastrointestinal,medicine
MED-027,anthelmintic,medicine
MED-028,anthelmintic,medicine
MED-029,respiratory,medicine
MED-030,respiratory,medicine
MED-031,respiratory,medicine
MED-032,respiratory,medicine
MED-033,vitamin,medicine
MED-034,vitamin,medicine
MED-035,vitamin,medicine
MED-036,vitamin,medicine
MED-037,tb_program,medicine
MED-038,tb_program,medicine
MED-039,supply,supply
MED-040,supply,supply
MED-041,supply,supply
MED-042,supply,supply
MED-043,supply,supply
MED-044,supply,supply
MED-045,diagnostic,supply
MED-046,diagnostic,supply
MED-047,respiratory,medicine
MED-048,antidiabetic,medicine
