municipality,province,is_capital
Alicia,Zamboanga Sibugay,false
Buug,Zamboanga Sibugay,false
Diplahan,Zamboanga Sibugay,false
Imelda,Zamboanga Sibugay,false
Ipil,Zamboanga Sibugay,true
Kabasalan,Zamboanga Sibugay,false
Mabuhay,Zamboanga Sibugay,false
Malangas,Zamboanga Sibugay,false
Naga,Zamboanga Sibugay,false
Olutanga,Zamboanga Sibugay,false
Payao,Zamboanga Sibugay,false
Roseller T. Lim,Zamboanga Sibugay,false
Siay,Zamboanga Sibugay,false
Talusan,Zamboanga Sibugay,false
Titay,Zamboanga Sibugay,false
Tungawan,Zamboanga Sibugay,false
